<!--
  realMethods Confidential
  
  2019 realMethods, Inc.
  All Rights Reserved.
  
  This file is subject to the terms and conditions defined in
  file 'license.txt', which is part of this source code package.
   
  Contributors :
        realMethods Inc - General Release
-->
<options name="application">
	<option name="name" value="demo" required="true" 
		description="app display name" type="input"/>
	<option name="description" value="" required="false"
		description="app description" type="input"/>
	<option name="author" value="" required=""
		description="app's author" type="input"/>
	<option value="" required="" name="corporate logo URL"
		description="link to company logo" type="input"/>
	<option value="./img/turnstone.biologics.png" required="" name="application logo URL"
		description="link to app logo" type="input"/>
	<option value="Turnstone Biologics" required="true" modifiable="false" name="company name"
		description="your company name" type="input"/>
	<option value="1.0.0" required="true" name="version"
		description="app version" type="input"/>		
	<option name="package name" value="com.occulue" modifiable="false" required="true"
		description="package prefix to apply(com.xyz format)" type="input"/>
</options>
<options name="mongodb">
	<option name="server addresses" value="127.0.0.1:27017"></option>
	<option name="database name" placeholder="leave blank for one per entity" value="appcreate"></option>
	<option name="credentials" value=""></option> 
	<option name="search size" value="10" min="10" max="500" step="5" type="spinner"></option>
    <option name="default collection name" value="default_collection"></option>
	<option name="auto-increment id name" value="_id"></option>
	<option name="auto-increment seq name" value="seq"></option>
</options>
<options name="memcached">
	<option name="host" value="127.0.0.1" required="true" 
		description="host of memcached server" type="input"/>
	<option name="port" value="11211" required="false"
		description="port # of memcached server" type="input"/>
</options>
<options name="nexus">
	<option name="inUse"  value="false" required="true" description="using sonatype nexus" type="boolean"/>
	<option name="userName"  value="" required="true" description="nexus user name" type="input"/>
	<option name="password"  value="" required="true" description="nexus password" type="input"/>
	<option name="email"  value="" required="true" description="email address assigned with nexus"
		placeHolder="email address asigned to nexus account" type="input"/>
	<option name="releaseUrl" value="http://127.0.0.1/repository/maven-releases" 
		required="true" description="nexus server url" type="input"/>
	<option name="snapshotUrl" value="http://127.0.0.1/repository/maven-snapshots" 
		required="true" description="nexus server url" type="input"/>
	<option name="mavenRepoUrl" value="http://127.0.0.1/repository/maven-public" 
		required="true" description="nexus server url" type="input"/>
</options>
<options name="jfrog">
	<option name="inUse"  value="false" required="true" description="using jFrog" type="boolean"/>

<!-- publisher -->	
	<option name="serverUrl" value="" 
		required="true" description="context Url" placeHolder="https://localhost:8081/artifactory" type="input"/>		
	<option name="userName" value="" required="true" description="" type="input"/>
	<option name="password" value="" required="true" description="" type="password"/>	
	<option name="apiKey" value="" required="false" description="use instead of password" type="input"/>
	<option name="excludePatterns" value="" required="false" description="file exclusion patterns, eg: *.jar" type="input"/>	
	<option name="pluginRepoKey" value="remote-maven-repo" required="false" description="plugin repository key" type="input"/>	

<!-- artifactory -->
	<option name="includeEnvVars"  value="true" required="true" description="include environment vars for build" type="boolean"/>
	<option name="envVarsExcludePatterns" value="*password*,*secret*,*key*,*token*,*passphrase*" required="true" description="" type="input"/>
	<option name="timeoutInSeconds" value="60" required="true" description="" type="input"/>

<!--  build -->
	<option name="buildName" value="" placeHolder="if empty, app name is used" required="true" description="build name" type="input"/>
	<option name="buildNumber" value="001" required="true" description="DRONE_BUILD_NUMBER|TRAVIS_BUILD_NUMBER|CI_BUILD_NUMBER|BUILD_NUMBER|'333'" type="input"/>	
	<option name="buildUrl" value="" required="false" placeHolder="Repository URL of source" type="input"/>
	<option name="publishRepoKey" value="local-maven-repo" required="true" description="repo key to publish build artifacts" type="input"/>
	<option name="snapshotRepoKey" value="libs-snapshot-local" required="true" description="snapshot repository key" type="input"/>	

<!--  license -->
	<option name="licenseAutoDiscover"  value="true" required="true" description="include environment vars for build" type="boolean"/>
	<option name="licenseIncludePublishedArtifacts"  value="false" required="true" description="include environment vars for build" type="boolean"/>
	<option name="licenseRunChecks"  value="true" required="true" description="include environment vars for build" type="boolean"/>
	<option name="licenseScopes" value="compile,runtime" required="false" description="biuld scope to validate license to" type="input"/>
	<option name="violationRecipients" value="" required="false" description="email address to send violation notifications to" type="input"/>
</options>
